Time,V1,V2,V3,V4,V5,V6,V7,V8,V9,V10,V11,V12,V13,V14,V15,V16,V17,V18,V19,V20,V21,V22,V23,V24,V25,V26,V27,V28,Amount,Class
166238.0,0.0324324543352703,0.845049887711819,0.161689643179373,-0.798504315204253,0.695579342173505,-0.56511649398538,0.933764515599799,-0.0627159584904338,-0.349653334602418,-0.255273958239804,0.504579086049177,0.951402617133848,0.471139368956274,0.190258281346303,-1.12779570592091,0.194477602325314,-0.828441984571064,-0.184734453641714,0.349511782992854,0.013429508220609,-0.229609184889063,-0.49137382646569,0.001259200126344,-0.400305517337517,-0.451544137605067,0.143433739735541,0.246292546642658,0.0841993718879143,2.58,0
62888.0,1.20544338297549,0.289451215514098,0.741620056716745,0.746449665317911,-0.682445338242212,-1.27686764289871,0.136545507170455,-0.28482763971325,-0.106272096358316,-0.0928539979788115,0.388966130830033,0.944906247802881,0.974313204836109,0.123923488835983,0.911656537842453,0.113381714066371,-0.271921864830932,-0.806430204011816,-0.32778431333547,-0.0435904277121079,-0.208168891889414,-0.589664842310856,0.185182789180019,0.933687280522431,0.168354562920644,0.0580525765964894,-0.0251967177968592,0.0276456871171451,11.04,0
40687.0,-0.275683921334473,1.11240286511215,0.942716313673428,-0.136235475448822,0.427004769606129,-0.504524727893614,0.686810074966867,-0.0141060030193886,-0.322820416913113,-0.506742534469509,-0.978478624052058,-0.407786859473999,0.167360923792578,-0.460737143017989,0.965509057724427,0.631607711933137,-0.291044980952806,0.146258644211631,0.226161793337683,0.130042708293939,-0.321392662684179,-0.851228817571674,-0.121963796917958,-0.509255181435806,-0.0527422530403122,0.124297176420712,0.244629049827446,0.0893492704615968,1.78,0
101450.0,1.80271563878855,-0.304729028381382,-2.09292106094509,0.191727277807162,0.553229538496724,-1.07947464781499,0.755030780282206,-0.537488915212639,1.23622892539475,-0.280493243493316,1.84612084586317,-1.46147612801106,1.8544074812887,2.36890687042344,-0.95448711291351,-0.361398094558674,0.127933143180832,0.220937405220444,0.192921125420964,0.0614761617477857,0.078571659893561,0.251564129802991,-0.165848733831566,-0.392507249841319,0.277480814327321,0.121610930807597,-0.135312186886982,-0.0685389505161216,157.29,0
55862.0,-2.52586855556833,2.20260681912487,0.633063058362916,0.584093781378617,-0.668049926952702,0.20138281289038,0.207289471819885,0.336435871832713,0.751606042250082,1.59662294123342,0.533205436249431,0.604059370374081,-0.51618124694858,-0.172642258486432,-0.547823595218337,-0.450105354948366,-0.137874087895594,0.279327664306325,1.22877146134467,0.166092128105871,-0.191501043999871,-0.238654152170568,-0.115595078533184,-0.02480916880425,-0.158275754623097,-0.66932294254296,-1.50685203512526,-0.739474199332458,34.12,0
50975.0,-1.26880323660884,0.244146827746643,1.47315837150467,-0.0681375838378675,0.639512479024949,-0.660248116418062,0.631666914812921,0.0882631803339783,-0.829621337602216,-0.240603346477903,0.926583632311737,0.359418687549613,-0.131965240942057,0.433124327426684,0.160212702113006,0.284829815416908,-0.650204391866319,0.507969642202452,0.418806995775525,0.484683734273551,0.129885611722006,0.107527553651366,-0.109178996138091,0.0231339942917574,0.570376121345549,0.448773526292482,0.186871183837031,0.123408450923584,83.0,0
63322.0,1.09574759365319,-0.291998470715872,-1.25986603364436,0.335419433465819,2.10090750858174,3.63806386573814,-0.324004174019469,0.826643515285666,0.162241425849363,-0.0586729488008763,-0.541091325310213,0.239701461125508,-0.207354005390744,0.211119896128419,-0.140246926808068,-0.0898584357948432,-0.508260630718865,-0.0585558941602353,0.335866637643759,0.137861098548481,-0.130873876460603,-0.526594080487179,-0.203057236836423,1.01432788080577,0.86135561891745,-0.335879874830915,0.0089501920049848,0.0275607622987699,95.14,0
73564.0,0.971344113780984,0.107844134081402,0.0599594285778716,2.41534482266622,-0.0488945915018122,-0.223569091223434,0.287544770753816,0.0466965061068374,-0.833584822988936,0.894620785734476,0.487884891710484,-0.693387919638551,-2.23427521335728,1.06149586081482,-0.125269872086269,0.871971681468403,-0.765309563261809,0.452986483376236,-0.524370634467985,-0.0497128375226473,0.0254228002551588,-0.352956638639661,-0.178582747019792,-0.0635983878773927,0.505224547675242,0.0050708558488582,-0.067777461836292,0.0171906839450801,117.28,0
60440.0,-0.997157379555245,1.25755819863272,0.626218740440638,-0.164192349602247,-0.116591706561833,-0.122209392178255,0.0238432913689313,0.786604909953491,-0.297184842613741,-0.242868217662484,0.935562677894048,-0.350940106010462,-1.94790360081826,0.436972160697332,0.676675364902069,0.584224571100947,0.194852900429397,0.292963790491653,-0.0577226858132946,-0.0084114324841815,-0.217760281455295,-0.729494429392162,0.0488378849507947,-0.420200855546677,-0.215415835673438,0.11829637292081,0.229447972918503,0.0693928609556405,9.86,0
153494.0,0.292366877818498,-0.520790176541268,-0.0064713741508368,0.236876074053261,0.707816994569373,-0.524440326209053,-0.0564211298949617,-0.380067614314714,-1.38970200127047,1.38350639766463,-1.16877902718797,-0.934563796727493,0.343268082544381,0.200789814803846,1.75511600190117,-2.51435142309617,0.472282509619356,1.77443023949182,1.77310995070472,0.0903738266949219,0.0190085479063724,0.654886476523149,0.145467059153208,0.529513847302538,-1.28330044411479,1.01543385798456,0.075559251378489,0.0541644181446425,25.2,0
81093.0,-0.308471970182571,1.04530218627027,1.0469832325763,-0.0533703364340655,0.202096659554239,-0.693306618607374,0.649797924990654,0.0109486937118842,-0.22407808003921,-0.487015959032126,-0.844208360039966,-0.732487718666899,-0.681427615723588,-0.283359750443991,1.03133780476402,0.581621928174564,-0.135902406809451,0.147289228896547,0.116672715748714,0.0799161348930999,-0.307738597086778,-0.861483187526577,-0.0640422738211382,-0.22899954430745,-0.118042977622219,0.108098889854015,0.238143487291548,0.0911232872263775,5.99,0
60187.0,1.12550604431443,0.0480480404344114,1.22247245125391,1.20766252727512,-0.668580085679205,0.17824168962265,-0.533761662722474,0.146418230936479,0.598891103590199,-0.218095609483542,-0.278244217398965,0.966281623970264,0.982147730774807,-0.382151799829465,0.760242421377416,-0.0779010270829015,-0.171372201497484,-0.518171267698628,-0.712279419115083,-0.104590269351,0.0143655747524238,0.27045839737827,0.0223386516146527,0.104004515689234,0.346381087778649,-0.387474405347169,0.090414421173212,0.0370189566242289,6.53,0
160665.0,-0.819068739749881,0.810832483494633,0.0010938205805217,-0.731286560474856,0.357107738437924,-0.774397837867506,0.349871103254228,0.444394097756691,-0.271292942903456,-0.405060915681314,0.172611926156316,0.199068280186305,-1.21203761284304,0.812468034127352,-0.901515311284674,0.397753595734381,-0.520704934791598,0.0179265543552349,0.327993541058147,-0.207489413729673,-0.23719585350605,-0.828815170647383,-0.138765492965087,-0.367240523200136,-0.0190116930764327,0.213807132379278,-0.0545358865394415,-0.127539994610341,2.69,0
126621.0,-1.58018897974246,-0.982365774608878,2.31759917855558,0.54064860218644,-0.63118673799253,0.151106390404683,-0.263976814906078,0.156453234545408,-0.876439883986293,0.372110964894735,-1.37378474024248,-0.865596762107636,-0.233628425902943,-0.334766110364959,1.13046581293692,-1.33388677220507,-0.075712045845858,2.00990701534517,-0.299768850151738,-0.425885325255741,-0.301586810265521,-0.233904508417546,0.472782333565077,-0.177780635491741,0.348317788629303,-0.40220374368277,0.125883037668811,0.0862959781373316,138.0,0
132766.0,-1.37695306563945,1.00810734415515,-0.47874635346408,-0.351904423915644,-0.89364538917712,1.28184982558935,2.93300271267419,-0.579043321438225,1.1002851133899,0.337892033311262,1.08710981015992,0.930889522486273,0.301229159298353,-2.44119003634122,-2.36961231424523,-0.301629910571213,0.571681084363017,-0.238501598308387,0.379675601859698,0.22504217129253,-0.830769340479459,-0.703970919200713,-0.173472227250443,0.666928456635281,0.221349716396324,0.0499051380519497,0.688174803974421,-0.130406029406172,431.24,0
159424.0,1.77062155449198,-0.73496076417937,-0.842439080062873,0.0515866436454466,-0.135814191421865,0.360022453350176,-0.373623680988968,0.0788714304109229,0.630316107287742,0.0742368347001196,0.516382892799812,1.38331515038534,1.19031251966788,-0.0827344809422958,-0.190451724925781,0.789013147396339,-1.05653808308392,0.135264687500996,0.457863187019465,0.19512203466327,-0.169763166574861,-0.698847523837343,0.262515165217314,0.111883690888127,-0.586874446491131,0.201341707739544,-0.0665398194632484,-0.0286678313224519,136.0,0
74431.0,0.970898993720494,-0.218979181883603,1.32363811692785,1.66830859756217,-0.692118248022238,0.833555727144759,-0.52867583428207,0.353997051140423,0.825710676806086,-0.289483617400492,0.942664972283113,2.26365425096294,0.601330299099052,-0.723222245619165,-2.52452198313426,-1.05287854109966,0.542906844001823,-1.04098076332836,0.37156766187458,-0.0870751833966786,-0.322651043921172,-0.501974866953391,0.0611388694378488,0.247249264174184,0.391533031709009,-0.545381284264646,0.0891881311527544,0.0273310474153677,37.61,0
151088.0,-0.23318493390118,-1.18013212573691,2.88683347463709,-1.96492819882367,-1.92892436469522,1.39590051734374,-1.72102666447741,0.626267986175753,-0.69080622893847,0.543682474996253,-0.634513704437543,-0.252303154139843,0.108401327258076,-1.78504464689751,-2.53034014075443,-0.73573853482685,0.819614989630165,0.973145354429901,0.930881050988091,-0.245743008642716,-0.0605386118461815,0.63103169769447,-0.391985171785343,-0.43144095440244,0.486476510514618,0.244896118709828,0.0651975655626064,-0.0557264851578225,20.5,0
48516.0,1.18158670026587,0.251615559948883,0.76087402417421,1.19735822247995,-0.709371309655671,-1.05027560625259,-5.60387028289027e-05,-0.115690489423924,0.211352728109804,-0.0115878328334377,-0.173838752949858,-0.0798534641229137,-0.901263799763862,0.499500720494577,1.15060826848405,0.240911868471813,-0.330931306083134,-0.342784837276888,-0.402231086225111,-0.190182869658909,-0.262344756433321,-0.835185118161262,0.191537012363779,0.626589456893867,0.209204280712541,-0.710918793828565,0.0228088595265914,0.0355810642032422,12.0,0
48134.0,1.34256359274711,-0.158335153132416,-0.114052788172823,-0.57565054188082,0.0944203045337708,0.291593204039962,-0.339512344468767,0.093838276586642,0.263819968783593,-0.0439224931420598,-0.0856189348143482,0.303309474899603,0.27685291589258,0.239454615593965,0.686938169253609,1.11125749995309,-1.23843801859417,0.651285148329029,0.96659337795661,0.0176718396023812,-0.190649978207954,-0.590203044256458,-0.136841910115848,-1.33795767181155,0.311987163877353,0.993256804834417,-0.0792073985429856,-0.0166476406302988,12.29,0
49705.0,0.956272938464656,-0.780597577080009,-0.519888587846742,-0.233356793062171,-0.30142204589245,-0.348176849219349,0.221765446824767,-0.088267441204846,0.234073650051154,-0.126066729720131,0.321733714132618,0.149363226551896,-1.03562019885938,0.537856203882174,-0.366294771675277,0.239104287015693,-0.382843342727654,0.0879874684853028,0.964963039427907,0.288294130227405,-0.0003211369355174,-0.381542081333637,-0.341282936842898,-0.402831609612541,0.437509796655716,1.48785878017652,-0.171343214353413,-0.0001240236278757,198.0,0
61676.0,0.46969601041812,-0.976606515094946,-0.171584655592712,1.42851599927715,-0.522599005182927,-0.129815814850495,0.495119124296754,0.0260575135463875,0.032066267832861,-0.0531030002317168,1.21882074487274,0.374960476890234,-1.7462692755815,0.875075321320562,-0.223080754814702,-0.456499431052967,0.102961741460021,-0.191618087787932,-0.322280199794356,0.417063885442805,0.251935125942419,0.0248279216133547,-0.396198128067736,0.217224548373358,0.535773910493158,-0.308811991872166,-0.052164537943002,0.0594131681084743,351.63,0
152213.0,-0.163985361554307,0.628001926863028,0.0680523085772494,-2.37049780969797,0.0252847428181791,-0.911117690577742,0.335144135334088,-0.153407159554801,1.64902266697823,-1.73935225838159,-0.643902277347136,0.66081706317574,1.14452060695311,-1.7929325412581,0.88185750212666,-0.0392445841492495,0.34125636018748,0.889397018797581,0.170711297695114,0.069389472455033,0.265222006226347,1.10811834181328,-0.279688289391525,-0.433007707376295,-0.144058626603823,-0.107226468776102,0.104210848955741,0.13322271153345,7.86,0
34404.0,-0.836895733798617,0.285336872881923,1.68835621183622,0.25502106655852,-0.0236628637959735,-0.51859725049189,1.15906099985892,-0.265825595982081,0.0046645996175178,-0.362475329471615,-0.689680499389149,0.213380571551124,0.209115091641054,-0.440966204709946,-0.412712273278717,-0.499497026066032,-0.0714479636697889,-0.543966618415893,0.362903834795544,0.519377280164093,-0.141627186665521,-0.244430930809112,0.140130076671258,0.411673199218211,0.0312853156461416,0.20587507678063,0.105641552766564,-0.0346754380964931,129.21,0
80210.0,1.13532151380585,0.142539767632473,0.122710771160044,0.474669725362096,-0.0030136319611658,-0.0784561808538612,-0.0680248202710453,0.101293496371189,-0.196013866003519,-0.168497563220977,1.5378110752664,0.845141755666506,0.0826290275457339,-0.0553443117244555,0.68492711645167,0.48875781272288,-0.0923709166624011,-0.124917413946658,-0.150267525294398,-0.0356542686148005,-0.213124757316947,-0.688959145628672,0.0797216605637443,-0.355196555358443,0.143186115538342,0.124495409562006,-0.0172260842521223,0.0188850375683712,32.0,0
136931.0,2.05480728077663,-0.0973665560827295,-1.23844232851309,0.186138115887096,0.163338727381964,-0.612605267054944,0.0828201650427645,-0.167602975571277,0.286792083443103,0.237887540464979,0.563058626434135,1.06772905930615,0.246094897480759,0.406726888758386,-0.645885600792078,0.221323405415314,-0.722388233026374,-0.241648481423829,0.614114694897377,-0.18798875597142,-0.267304067472213,-0.658782414966542,0.267522297363033,-0.487693432587161,-0.258422929846965,0.207475609937848,-0.0738045345157108,-0.0747057315398536,0.89,0
80554.0,1.13002808794388,0.173167880225157,0.864093561189766,1.25847496178332,-0.341583089997441,0.0261604991344602,-0.136732580446705,0.0339517467983044,0.378551990652204,-0.269431545765108,-0.268609357130232,1.27193369115764,1.1474318110493,-0.327123395909422,0.039449295424172,-0.514615476681571,0.0971104517590714,-1.15776518426703,-0.31574820908163,-0.0923219346733861,-0.295982394021316,-0.609684962321009,0.120245053030915,0.0818943973828144,0.337326831897268,-0.615241947251123,0.0709613850546626,0.0329375684417777,12.99,0
65035.0,1.45139347316011,-1.04592907853102,0.822517057731046,-1.40486048748799,-1.78329447919882,-0.716117302366163,-1.20421932251175,-0.0210171528093791,-1.96038981730894,1.59444921535243,1.39380203210307,-0.271940399905881,0.0624625972094175,-0.103600213391545,0.0770470487599479,-0.0355165873073387,0.268202954443694,0.386988375272348,-0.0230441988990556,-0.348196570282327,-0.309880006294202,-0.587531584449001,0.19961085964464,0.480289893255573,0.0638069346787738,-0.438930788398442,0.0378367494677145,0.0204510612554169,9.8,0
52219.0,-3.60805696930692,0.305727574143632,-2.50610601063533,-2.52985870819215,-3.07554935882217,0.151036167820341,1.70845055528331,1.10104200422453,0.837206766447872,-2.07046599491831,-2.2116867743703,-0.149250779725897,-0.642254066160217,1.384748398146,1.08229832930317,1.01695829908823,-0.417323946122925,0.400252282668433,0.352083307655312,-0.854372697459486,-0.377987608700857,-0.709250324401131,-0.425890265082114,-0.934882469689548,0.0555565930760161,-0.32433766761128,0.593537907217195,-0.55095345349775,562.28,0
114758.0,-0.249823925552041,-0.201067188363743,0.0005314768277365,-3.53552251882757,0.34243711676781,-0.910390737728863,0.717758382019035,-0.458300110272266,0.296355486121144,-0.385237252608171,-1.39027688405241,-0.217437299182141,0.142726374834986,-0.27735841475366,0.109816994043096,-2.37633313973035,-0.291009879227983,1.57720325773458,-0.350168973900931,-0.362450043823427,-0.0634697744329735,0.76794427276257,-0.26546338846181,0.516993572288683,0.0105751815528359,-0.0764015865495739,0.141650027698233,0.0188174936951686,15.13,0
77720.0,1.37285228301584,-0.600069481773746,-1.98224172265667,-1.65259626385957,1.8759889599485,2.8503275319669,-0.650838982431639,0.633995915315747,-1.19547757647127,0.310625568047008,0.274893875201137,-0.937922483348395,0.0752719594351461,-0.787505959386649,0.800437597453002,1.49648494778361,0.591162720145895,-0.674473283527139,0.819934798218484,0.336575147792809,0.0859689760554669,-0.0903114583750521,-0.211466733036336,0.957720245024697,0.811914782312582,-0.137129510905972,-0.0133795695239448,0.0313417752919126,69.79,0
67500.0,-0.980009188307869,-0.139181786113265,3.22553230598715,-1.50094983670214,-1.36913609443099,0.380778678841699,-0.642524827535673,0.311296706929563,0.281922873076705,0.374570833548577,0.55422586302907,0.0175582555702993,-0.719273185758859,-1.55900562419465,-2.56655981551287,0.754683143659181,0.410566242241914,-0.839830388302588,0.654395121981179,0.351922318981699,0.117261617534239,0.901591738924265,-0.416816580184499,0.589788925933974,0.504718580164761,-0.16508947191958,0.284242556324286,-0.0392382518430019,6.6,0
102802.0,-3.4197006674398,3.87276690346742,0.841772145792816,3.19951255532546,0.697799616027109,3.19321510171359,-0.417968958357781,1.0246319176237,1.64876815693729,5.07581160144947,1.96022235460685,-2.53659766969103,1.87413114053012,0.759443535214882,0.928718277310206,-0.438370204864001,0.900549693704011,-0.265504834824337,0.0038509029056758,2.01524993079493,-0.620015370619119,-0.616121272778536,0.0529586926708024,-1.11947826312848,0.4119075474179,0.325172245649474,1.73406827130373,0.918922124230328,0.76,0
166504.0,1.782952689658,0.0932350387312718,0.162593512634714,3.72632061374787,-0.199890586842264,0.740045498593679,-0.60876788469953,0.280526611562696,-0.462958319813507,1.53369685873752,-0.0233202574590879,0.268185409475735,-0.177664373323624,-0.0385084910605329,-1.23196066734631,1.49888909022132,-1.26708462405362,0.670409014837472,-1.34092879667356,-0.212351501938801,0.219910807536369,0.635257912862407,0.110989987476883,-0.364278787557717,-0.243979923614496,0.0262771405026782,0.0048446436882887,-0.03930561308449,37.17,0
147165.0,1.3646235504762,-3.05154330777863,-1.12731826511668,-1.0368810152607,-2.26107410800738,-0.805926141732734,-0.751214364894971,-0.23043445714541,-0.781912302076994,1.39490743123491,-1.35267992051846,-1.81687675000423,-1.48441122223547,-0.0347743796478232,0.207621107732083,-0.288657864571828,0.5770078409894,0.34826620276802,-0.36103509407069,0.39134663591415,0.119246254744803,-0.290139803186803,-0.129947664642798,-0.0047267010068442,-0.526473440986197,-0.222278665493033,-0.075563882412002,0.0334588384200246,487.0,0
32343.0,-0.686869716600221,1.08040739172587,0.861964153086587,0.849933271188772,-0.357055378948979,-0.391094561935509,0.562786648885444,0.405000724168413,-1.05573332253144,-0.322810277016426,0.951187092297051,0.480934293573833,-0.401201506788424,0.945767539085811,0.320223656206489,0.0259575770663734,-0.25287462624658,0.721924411956736,0.70354172160314,0.0149076692544118,0.285914482848144,0.574036563988104,0.0369796246211612,0.326669225521576,-0.250111446171546,-0.3507519030961,0.0188043551644817,0.0957804927954181,75.0,0
36250.0,0.920202361070862,-0.164416845514618,0.364340182673361,1.38457464721582,-0.521824099864234,-0.577707686227353,0.163998713606638,-0.0607335600376219,0.0939309290708848,-0.0094594123049049,-0.0702952371671307,-0.153499471849359,-0.994793726151281,0.599784408415192,1.28783576529524,-0.175906426750849,-0.015416276063241,-0.479399649022278,-0.990759964771578,0.0128867867365187,0.18558181117067,0.280866217421994,-0.140478090243757,0.383664724066327,0.477019510664299,-0.281313388959718,0.0046912560958333,0.0420249926281542,131.99,0
146947.0,1.89518593173357,0.306456586499518,-0.0564831748566821,3.69474410321719,0.0984828227001782,0.57375822315195,-0.405698969378523,0.060992548003726,-0.45309364018866,1.37406955146918,-1.79454367172849,0.0405616296938517,1.2101630744368,-0.425111479479355,-0.443882166022269,1.4017311193751,-1.28682087006128,0.246658061563359,-1.58688917502273,-0.164950308960255,0.233852285805166,0.793842618965652,0.0304024642089372,-0.64066413011806,-0.052058137946818,0.138017609347769,0.0143393424968971,-0.0352758267930688,19.95,0
137185.0,-1.55832490636401,-6.23455827632605,-5.99101738796188,0.694127194012609,1.28177521063455,3.33212651487998,2.89516537813422,-0.0732483887452794,-0.492134979727367,-0.640789725789507,0.022651772642376,0.196057285610864,-0.0551624629418291,1.46448181720003,0.417950407119962,-0.610079770123404,-0.094011779910848,-0.483919428674207,-0.641286424689703,3.7336621116185,1.41360775144814,-0.206540201989741,-1.81733104904559,0.918352508624142,-0.048574239044008,0.834909439633173,-0.489125843212997,0.229345666281694,1918.7,0
139299.0,-2.54823776590097,-0.16656777640275,-0.369808053726409,0.651406608714116,1.74206423088152,2.11390074215696,1.22984136781906,-0.173639882322819,1.0272476912047,1.82540582501842,0.683623010408824,0.173640752608991,-0.579159523556056,-0.593821520655953,0.0542515955890755,-1.52676201587356,0.0525232119484009,-0.711742144371512,0.367604312340528,-0.440462389261269,-0.224448268484914,1.27472211110652,0.326886686760629,-0.923892212905723,-0.0289459578296467,-0.385520313332604,-0.777110643936057,0.112861592186991,94.0,0
164036.0,1.07862927784218,-3.30959883981807,-1.63236728518452,-1.25512694375117,0.10985362938952,4.64222990488466,-1.5940504702544,1.12631235310226,0.881582762355172,0.264940313085133,-0.840966449985159,0.434321612226044,0.230967824695042,-0.795056668792036,-0.602576224903332,-1.52241401263456,0.227130008341655,0.838221841986915,-0.632918596106386,0.52368121384836,-0.173486815883828,-0.875646464197824,-0.0157230110008511,0.77439080080145,-0.869008804503325,1.12708324939624,-0.0846661787551168,0.037063882488392,514.9,0
54842.0,1.12244281594679,0.208210191167264,0.541140366346045,1.47669085191398,-0.292161284346253,-0.363567408561331,0.11146560382056,-0.0588201313897265,0.218544476937727,-0.139213220362173,-0.188582978563335,0.810759934174101,0.136703199363799,0.0235009552306959,-0.152918390891016,-0.832792171952433,0.364623492829823,-1.12312092009361,-0.496454429546243,-0.160243547354691,-0.0704293727266726,0.0260456853274033,-0.0349567188794251,0.417648476096968,0.626539650946285,-0.334588901084882,0.0406195395898984,0.0216645168654113,18.42,0
130406.0,2.22609917177306,-1.5307248973014,-0.796422714209218,-1.71824470678907,-1.06952940336473,0.107744228153765,-1.32559573236146,-0.0505596561095081,-1.06665687647129,1.45860454027996,-1.39734599335765,-0.481863044765586,1.50522286237381,-0.807675767260454,0.1190242295487,-0.108007796070397,0.109394701364872,-0.0909568903410678,0.043498874840878,-0.24069246780126,-0.413068896272156,-0.800973784308467,0.37158551371605,-0.0218234533817372,-0.500686981193555,-0.478766224921043,0.0322676240884609,-0.0255469884276397,59.99,0
168543.0,1.91238133634808,0.0535093979504338,-1.57838060050908,1.32596463027957,0.386082751195275,-0.866748923276519,0.57211322379801,-0.272528152169146,-0.0291762456384415,0.418115895641417,0.758821905114858,0.906638019823129,-0.61133440755561,0.794082292698536,-1.19295355035971,-0.551053395781237,-0.331124674145517,-0.154328864671735,0.0246869153100427,-0.238911559376397,0.125351525272224,0.463036517692407,-0.0314714800055325,0.0182925168168574,0.395294426207743,-0.515020397029763,-0.0266076576850417,-0.0658303756229975,43.41,0
141970.0,2.33159710475672,-1.37320232381817,-1.19053503299671,-1.63132730657343,-1.03453048054343,-0.526441736792735,-1.09604952150749,-0.155691580981915,-1.11015892675581,1.59780161989336,-1.42382876368974,-1.33210948672289,-0.300448066180793,-0.267524852299921,-0.0726410795611099,-0.479401023719482,0.434300237541995,0.0743306176230536,0.0002210554927139,-0.456544518755684,-0.20369320800295,-0.130140543992671,0.236703523087499,0.434174650336949,-0.134171120307321,-0.175365381301084,-0.0014759231284798,-0.0490472695841904,15.0,0
30975.0,1.09250733523467,0.0767488195849404,-0.007427337239585,0.407813943063858,0.0109517586999329,-0.444287153837805,0.322472922386044,-0.059168525346495,-0.473465086449363,0.0410578634128881,1.73055947527395,1.11722800144441,0.0438061098316108,0.696970894204497,0.306570894285322,-0.0670195938963108,-0.226912328115495,-0.837155245717694,0.0222382497595395,-0.0064627436516643,-0.270438256478392,-0.933916503761336,0.114397142178594,0.0111382096682039,0.166828696121013,0.144820423315177,-0.0607715034012771,0.0055209548477934,60.9,0
77195.0,-0.514270451485183,0.946692600188286,2.40688787681627,2.17260988911288,-0.136061537013212,0.511503985516301,0.386298934293772,0.258460849416721,-0.849033717936785,0.102687882469948,0.640704654656777,1.17916079384991,0.476664941281556,-0.53457738041539,-2.42136639610535,-0.0321069927668739,-0.197804457325928,-0.0664664855664181,-0.108617769163444,-0.0295841182788206,0.0318248744835993,0.307629142596497,-0.178754925841887,0.567506691438678,0.0857295363729343,-0.0131184098053123,0.0762321908573066,0.0595236229132625,21.24,0
119277.0,1.81336806388386,-1.59395351391978,-0.246803525435643,-0.945789336579987,-0.646955753780542,2.25795282682234,-1.84418370704439,0.768752075991441,0.5420241070597,0.577055703419997,0.534381457695334,0.75745898435153,0.450887636725672,-0.326938982211591,1.09833503494665,-1.35366831004199,-0.144630098442626,1.26853779717638,-1.66159661667044,-0.481879774926171,-0.0066006985060596,0.534120927878111,0.255370343144275,-0.958904149100074,-0.707737010890209,0.141695155151736,0.0994249521391726,-0.0311008917185398,82.5,0
95708.0,-11.5812735585253,7.17938467908911,-4.78271028382805,-1.59271563725465,-2.31854982434436,-0.689558494543168,-1.02543614156951,2.09865574395877,7.88364119806296,9.10140231365335,-0.291861183030441,-0.78265661589145,2.59512316478614,-0.535728171176597,-2.19490674776137,-1.00228168384643,1.19705049761538,-1.31175019869233,-0.502565829104553,2.54702178103224,-1.85190924111764,-1.28971414979953,0.85604988990702,0.475062175109862,1.8978018687189,0.0388617788645006,1.05958664011099,1.58682293095786,0.01,0
120307.0,2.13172850866795,-1.69799083883406,-0.362026359196967,-1.64135236707311,-1.58924571481718,0.0702493712828544,-1.63742599120464,0.166082582418235,-1.06840741264091,1.66017037015848,0.694481143844459,-0.267078776514627,-0.0083891176119636,-0.387464721118122,-0.437931979326898,-0.0005787706765371,0.167722004350934,0.471351995975385,-0.004084837156214,-0.345080735185779,-0.249772113421755,-0.405266683621934,0.43540245654861,0.632863719592006,-0.656204123858019,-0.466259275582631,0.0296680641689479,-0.0304589789492915,55.0,0
158302.0,1.89894999695268,-0.213970797999707,-1.32196760857124,0.420770488936868,-0.0337312053853941,-1.19299250241792,0.381446074112089,-0.449863214930225,0.452744874451385,-0.0695705242129999,-0.45526262097222,0.924375922168442,1.22440400998495,0.256337673932392,0.708262313016045,-0.280264143935516,-0.526825387206487,-0.23330514013598,-0.361610801487403,-0.0057934443846534,0.329611109369981,0.991642892088496,-0.0814541614229547,0.0604704951044995,0.246163847289206,-0.111550749893442,-0.0215411904880862,-0.0409082633219946,86.0,0
33492.0,0.906339754058174,-1.99475863327522,-0.387275115937235,-1.21672110739872,0.449955046017433,4.30374246393815,-1.64962053613241,1.09309961584426,0.334479443232688,0.250563787350261,-0.79604181219342,-0.289561526579576,0.0632110154175202,-1.03104930118208,-0.907885975694044,0.980185695488748,0.325078344310698,-0.940095769055784,1.25705865333083,0.659385002412763,0.183724550073886,0.121091802066972,-0.306271470775482,1.07251446409642,0.516113144175633,-0.129085276898076,0.0309998165326445,0.0622720169590171,250.0,0
136477.0,2.01912000877887,0.212323245442363,-1.8640058499241,0.438014560298126,0.636515768311063,-0.791344572241432,0.355041806210065,-0.300760793468786,0.534807037012181,-0.653993402662188,-0.485733983819266,0.773415930289313,1.14782332053437,-1.14218528168756,0.242832711241195,0.116932744019961,0.447703244954516,-0.119231143854257,0.108821578464643,-0.0492347303471741,-0.320666418030423,-0.79338060233364,0.235014549002425,0.364961340629306,-0.0261217427038225,-0.60688186600526,0.0014542036307611,-0.0113257243703673,29.97,0
136087.0,2.03708484869576,-0.523847557088687,-0.65794994105175,0.395065777980737,-0.349980992078105,0.215923682093754,-0.789673368172696,0.155616153539624,1.45986318407005,0.0618001805457699,-1.84950901685822,-0.557500024996554,-0.939293211525572,-0.0629291172401967,0.560219058973027,0.592907869838516,-0.711052471578556,0.448203847394336,-0.0429245427081534,-0.226415096467352,0.103172761209367,0.429238898022728,0.120525435993632,0.0978989563307917,-0.171934353831001,0.398345961669772,-0.01917867201058,-0.0464334022647064,9.99,0
170558.0,2.03729401754756,-0.473087274542781,-0.71395279899741,0.248656608742151,-0.247167841695713,0.215596180344071,-0.706570477961134,0.108877908344667,1.58737852601678,-0.156473116097762,-1.76461092987039,-0.08131385247047,-0.256163546211699,-0.153561992489444,0.630305399288751,0.343233920850808,-0.764001014616634,0.540536675958515,0.0638789657975271,-0.200315696814572,0.132941959562287,0.581017108363455,0.0687005598055454,0.0416901296004975,0.0040241235669086,-0.201199081304039,0.0323723443119209,-0.0379161872484081,9.99,0
58003.0,1.297564010961,0.419921026881072,-0.411266144274959,0.676065424681186,0.703084825905936,0.0590839186740724,0.351383615925825,-0.133967378820953,-0.508995675986745,0.149867322233335,0.336957066219557,1.17707691037169,1.49260703188866,0.317333971726105,0.0250748849018959,0.447166600552886,-1.1809107903991,0.465558088090422,0.508200849802966,0.0060145334814138,-0.047530111042862,-0.0681456854763847,-0.29693860528041,-0.996519581626278,0.923582046021458,-0.296152210893568,0.0056923951371657,-0.003217622316897,10.54,0
33335.0,1.21414808505837,-0.281539572919166,0.802616350266076,-0.189345695681116,-1.08764026089362,-0.923849287582854,-0.424894481337087,-0.0847698291046823,0.589511607237821,-0.221027498349529,-0.288392233682203,-0.0278077643369752,-0.228973160562644,0.0836848450694229,1.44832092849806,0.661018203563899,-0.391613537952035,-0.309903599852766,-0.0054572642635306,-0.0037350817976083,-0.114575419948199,-0.422853553440352,0.118397356693633,0.433382084543923,-0.0858946684817843,1.2346163135704,-0.0926573174490623,0.0146240289239906,34.99,0
52774.0,-0.122771941149167,0.757838767607048,1.4478461244575,0.973702297539776,0.0839088293195102,-0.0702168453069252,0.325181184407278,0.231154869536333,-0.690221743670673,0.0184789618260173,1.56339487813708,0.468917578601364,-0.771645327941926,0.636036469414099,0.714757630902889,-0.144468662917272,-0.134886020191102,-0.127659695011607,0.281916840496972,-0.0750108961204313,-0.125845883000698,-0.451509382919234,0.222658860984842,0.148120690790724,-0.723480082450804,-0.713013410562429,0.0974036535362507,0.0443678664384793,9.13,0
162341.0,-0.337206952253141,1.02741320318584,0.0378766796739568,-0.85528648812858,0.62850973047771,-0.551850099761508,0.858543816609008,-0.0451260883818548,-0.0385598554070183,0.16874388675372,0.577918271617381,0.806893912759849,0.0913491564792202,0.167393963335706,-1.02099254215722,0.101349453825043,-0.743862769635162,-0.273342894930687,0.230532055841827,0.0915692473747898,-0.236926383264334,-0.511110305750725,0.0292928964140967,-0.403158248684597,-0.449320980568214,0.137632947345567,0.217625251026113,0.145001497753452,2.58,0
62622.0,0.939263416283521,-0.109287298837858,0.290744785821533,1.48034225177119,-0.192961801579738,-0.119421652700399,0.276292650095698,-0.0897391418801092,0.159169378207742,-0.202082067757013,-0.401958980078942,0.948673878342846,0.66861573974991,-0.0627438593270136,-0.16469043557744,-0.744239729870336,0.222558769443807,-1.04978305994552,-0.410344136092181,0.097980812148538,-0.0219496514508838,-0.0543704392502642,-0.174451427938078,0.122196101429337,0.646605670891871,-0.327901048991203,0.0228574254890051,0.038090329292719,125.42,0
51434.0,-1.41371927863353,-0.484431343170466,0.411232351561238,-1.72359967911149,0.748871051551081,-0.88547305595159,0.0039193841111253,0.170139907073557,-1.75478079518062,0.312721387383848,1.03985049177819,-0.228653125520959,-0.219544903647216,0.346241822868056,-0.609348410480151,0.948757623084459,0.126660341736758,-1.31196116300415,0.130588157408813,0.0331560509367563,0.381157421227405,0.808584070905777,-0.437937741677518,-0.250508957119048,0.0368363281044949,-0.300514307392515,-0.286940700148883,-0.284807186447376,15.0,0
165367.0,1.49484239181794,-0.834103103106904,-0.587230944847924,1.30496346487487,-0.41803640215111,0.291447167234821,-0.239887694946351,0.158858676388814,0.604690570008095,0.227320069365873,0.805370377644208,0.927721132273441,-0.299573047009198,0.329107137326535,-0.134412536521735,0.539000306257284,-0.8296387170098,0.297975196238687,-0.266592623673325,0.191958380319937,-0.0361868724013113,-0.55808173087597,0.236530404668158,0.624972567636986,-0.504761411555739,-1.05282728491775,0.0051222482784222,0.0083050950942553,221.25,0
241.0,-1.14232093108918,0.626404913442672,2.52691695277591,2.82797270628491,0.619263138091294,0.897473007435987,0.536277597522659,-0.0601631574142597,-0.813748587350364,1.42685913255743,1.20025966772766,0.0942292907655487,-0.633967682355432,-0.321429686954772,-0.117594042411491,-0.722018602060958,0.241443965806781,-0.264653094872861,1.22959148054341,0.263685556196764,-0.309746479413163,-0.269173011558445,0.177396349600755,-0.0195779129856252,0.0486506379621992,0.068830507176749,-0.24650275162834,-0.230836924381726,10.62,0
97320.0,2.09967810149621,-0.31307923022107,-1.44865843702939,0.227426492639971,0.292179604021478,-0.103979918357071,-0.268812505367743,-0.108743578425838,2.7226442388767,-0.535326684500969,-1.04011887204234,-3.12912436187899,0.0047948912781934,1.76178209935619,-0.847769578479908,-0.415309947694268,0.539281450715608,0.229426193178299,0.305821813311635,-0.343688882008427,-0.138479031302897,0.0669364619691808,0.0133240186510164,-0.0728254553926904,0.224855552574531,0.17709634455288,-0.0670165257699455,-0.0731590682261469,7.14,0
77230.0,1.16095677944219,1.26562134412589,-1.57647298025721,1.47298796375446,1.16217269118593,-1.01353235694257,0.658132826805829,-0.152623808873519,-0.847325937437016,-1.45249858044069,2.89392310118071,0.774149213595931,0.663505807827049,-3.33372064335903,0.523297806483319,0.897811290248433,2.68261263852543,1.26931414649474,-0.912261753152464,0.0024655760993466,-0.120364505513678,-0.204996852830505,-0.20318909502825,-0.282171529618779,0.785278136607787,-0.284957991484837,0.0583991252306462,0.0854358810909215,1.79,0
1676.0,0.4768712131181,-1.59307762599303,-0.0453912742693492,0.057384112363554,-1.07733953104911,-0.278705292755441,0.243107235099237,-0.122119163878424,-1.50320659587416,0.6553578576772,1.75490885496213,1.00375111132357,0.535854439549974,0.540335960822781,0.345685795321085,-1.39778118733703,0.0280204475401321,0.483429258517398,-0.941854007244029,0.329130125397421,-0.516562752283954,-2.02242010053147,0.0195482132619914,0.167983730254437,-0.313185259535936,-0.0671318842143674,-0.089715476432262,0.0831378840945067,421.5,0
161530.0,1.47323344274827,-1.32952305598059,-3.285105915522,-1.29039617025733,0.4171569811296,-1.6608026442202,1.48341592304911,-0.793285551093718,0.836551360745599,-0.930526103560306,-0.484120637320938,0.822067333135957,0.379612504484313,0.89380006941862,0.508735253047348,-1.57670162927557,0.133526605408568,-0.518065571866588,0.754747886962965,0.596758418078055,0.526948933517756,0.943105473909652,-0.549760520180928,0.822290856172457,0.738016584627509,0.155285368497098,-0.151666199320298,-0.0182313229783287,386.35,0
160763.0,2.0211702869573,0.171539673653981,-1.58671430320068,0.337452438550014,0.451805515796783,-0.645531916270682,0.137839442545687,-0.145113461989848,0.104648715735441,-0.23185944985589,1.43008595883739,1.30776813237096,0.718907692075912,-0.790459939506849,-0.593775917881724,0.421863059756805,0.246683762987843,0.0316432637322245,0.266861672088008,-0.103246802840418,-0.292255565793765,-0.733985462919507,0.342021092801071,0.690896144112081,-0.286771204541481,0.140081271443488,-0.0610565815364587,-0.0372231980311905,0.89,0
78323.0,1.16102372483626,-0.453440471186524,0.851602252730139,-0.0220791195771848,-0.955556244987297,-0.135460046571959,-0.61339343645936,0.0982593993723964,0.959457295925615,-0.400443850094627,-0.436550443950052,0.470627569731986,0.0392147352973683,-0.362145213383802,0.412577185055707,-0.243308191689354,0.292023384477003,-0.864244226876154,-0.105486635755898,-0.04141699388934,0.0608978674371692,0.381578378939872,-0.0468141869747789,0.201264801617016,0.189632580639895,1.55977111700799,-0.060751483944432,0.0034146353392724,29.9,0
75473.0,-1.72315881562759,2.18110055117648,0.255516498070087,-0.0204070100537494,-0.6581785585023,-1.11534891024868,0.0414629385875096,0.753391017425801,-0.304006242364104,-0.0646995868481641,-0.276640492134051,0.78422808441202,1.21272697193601,-0.200257375435067,0.759168130201632,0.525163318050557,0.261105641095224,-0.229482883048485,-0.196362158484278,0.33189270047297,-0.262376313520101,-0.704303404357015,0.0869318491293235,0.344703033146633,0.0688433040862688,0.0869540377335734,0.329767677559807,0.143149831811346,9.56,0
153224.0,-1.17669484195064,-0.0574641145125285,0.285134564148662,0.48222150042866,0.727654795430343,-0.587055398884145,-0.591011925023983,0.567512478068898,0.156197907085721,-1.30729214497853,-0.799763192819392,0.175792023820598,0.629934929775836,-1.07785540292756,1.04623705021152,0.142873663521035,0.888303692057875,1.12687092688879,0.436438135892532,0.309491624108307,0.470513708899295,1.0587057512377,-0.143212718356284,0.636545428111771,-0.485553705961405,-0.0802147700938189,0.154675504615285,0.0098036793196041,19.98,0
120786.0,1.9736215206349,-0.588805841337802,-0.623437287662704,0.14233415008569,-0.286136555395424,0.498523665964619,-0.830251219520924,0.238441347394803,1.08496923141068,0.173970645474375,0.0741514209665695,0.624054443708653,-0.132652078417232,-0.0494788346451489,-0.225909498258296,0.742475018940124,-0.968321629434453,0.774462761632453,0.271246888026843,-0.124150750912532,0.169814232980921,0.596623003942254,0.101606742972134,0.139866617112206,-0.223770049351182,0.553981198437671,-0.0333489028308397,-0.0546344461641706,23.0,0
668.0,-1.87414236290575,2.30886052896075,0.135440175311553,0.456605878192993,0.163187096031537,0.922956507131214,-0.896194724942581,-3.61415203936783,0.0280651346495624,0.415208464708831,-1.28260265543163,-0.391149369532353,-0.794374748585444,0.668009450986021,1.33664920273244,-0.29051471006233,0.21001663574047,0.105745510127611,0.284927210853641,-0.790837902017803,3.90100118632027,-0.910663293707555,0.36269077085723,-0.850869231083286,-0.104456511692857,-0.240938399035433,0.170569644010641,-0.0346540858728794,3.1,0
73854.0,1.14938894714372,0.230973857400454,0.11390181886165,0.925021108571445,0.315454319700332,0.346342211931571,0.0370362755176028,0.0665210320719659,-0.386526177690826,0.150089357294978,1.05916731785909,1.25673441667707,1.07634293029852,0.314665008567755,0.430467389567656,0.209815465943533,-0.752709585266426,0.0818039743220273,-0.299059506127351,-0.024422073535051,0.130986115158638,0.423186937896592,-0.210903966045504,-0.62297678137144,0.688064105700972,-0.232174122084564,0.0319583928525875,0.0080394634712284,29.0,0
122270.0,0.29541743152947,1.41265322884918,0.558037088384817,4.42081962970288,0.979112039334175,-0.0339154630620308,1.06544477257655,-0.413876592221311,-2.02826263677987,2.09675419791919,-0.80242471148409,-0.280917985339562,1.34376792770665,0.0747252173651707,0.669483620284671,-0.356226703496969,-0.182280431288574,0.121825942371173,0.848092234029571,0.480207362982752,0.358556395544425,1.41331418128988,0.0372742256060293,0.0955147742695514,-1.2083241787421,0.351897014704253,0.38278510623446,0.135829806581212,33.38,0
48674.0,-0.465082770391324,1.32157092478166,1.19665640670676,0.765782641332019,0.807289862453847,-0.844674373096206,1.11169985057244,-0.354649599743432,-1.01124572635262,-0.85430901915284,0.871758265942236,-0.0718637850133924,0.518365981098382,-1.62955562558838,1.55637097063401,-0.453633295720709,1.70995668316361,-0.105142553866985,0.346109132581053,0.25175635292047,-0.0812898639206421,0.0234381184514574,-0.335769413637253,0.318768477349666,0.237932856459198,0.527756848279295,-0.107576791027121,-0.119393856013408,0.76,0
146267.0,-0.629285896059877,1.37978749908678,-0.297017925205877,-1.39329679516582,1.48965482338306,-0.885138671820824,1.87244400858959,-0.523914471377923,-0.590964360436635,0.141193554144417,1.11327309038148,0.731298001652437,0.265175231147018,0.446132812117889,-0.678330855417119,-0.630348018943261,-0.726160465233803,0.0042415761398995,0.279980430287229,0.248376456685733,0.158709291822277,0.782369409452987,-0.492603469302938,0.834801829874138,0.546615630399798,0.155325007239018,0.0918485478049091,0.0026827041970631,7.57,0
120683.0,2.08600838543092,0.155522126568606,-1.62799274755129,0.462922934388626,0.371790520981449,-1.35092284109445,0.656636317988037,-0.547623079528511,0.374343036087203,-0.104207981515626,-0.705192935675908,1.20524956480138,1.27262845115518,0.189442989628079,-0.470890301846103,-0.861440067900755,-0.19049154557887,-0.798997560460014,0.246982159164657,-0.179762239382741,0.0081906662426483,0.348389769467445,0.0091856048840271,0.0429597551780845,0.420187356793627,-0.223640857955973,-0.0262670512476376,-0.0643141755442499,3.0,0
166491.0,-2.79474475640575,3.35746996910571,-3.11149104761371,-0.122168645245817,-1.24907957430985,-1.68452612670398,-1.01873106887615,2.14877884811892,-0.524360155278487,-1.0599978531915,-1.08545991808436,1.49978322172691,1.86782870293694,0.36060325931984,0.364728766040952,0.657801520413101,1.37504447972709,0.731388113529424,-0.310367808426199,-0.218032358084257,0.451890009216932,0.979533565066175,0.145343727580698,-0.0714095107979778,0.0117289866633204,-0.138152482192996,-0.273935824631059,-0.046355652616476,13.58,0
88614.0,-0.584693347979717,1.2441005466941,-0.690252409864118,-0.249935816663408,1.00252906565258,-0.881175825962015,0.857759635615885,0.216281097778327,-0.734483831015584,-1.31549734554743,-0.935766168537404,-0.302379134921305,-0.142717548841249,-0.634929503245775,-0.0404847679177089,0.126772568228297,0.950037601278266,0.120602044711067,0.42317952149943,-0.0500631719804857,-0.0920250940849718,-0.413668136618341,-0.0746249159780625,0.495936145780934,-0.281177626906111,0.367262037085431,-0.0284182250732684,0.0986701032920201,17.5,0
134435.0,-1.12694971426632,-0.399043431192449,1.19216931045993,-1.13443111652448,0.279517456786882,-0.0679073706686409,0.213379985595184,0.0152715203711149,-0.825745807961239,-0.145362051936295,-1.54478960187093,-0.810891160178278,-0.456591530419254,0.0230733416743188,0.629392840365598,-1.86586970868728,-0.0373019033538426,1.6494919973582,-0.203221650457926,-0.397138610726872,-0.316463803931079,-0.50611153365124,-0.259787490377409,0.354918099325531,0.688721093623699,-0.46811204521904,-0.0364083268752059,0.150673367878647,90.0,0
92788.0,-1.05428098566402,0.273845246172641,1.53697555805438,4.67311643754974,-0.81561019582468,2.05226183102779,1.4578339501089,0.135190684196052,-0.907935579831947,0.941887775061909,1.44029349406384,-2.36888762102475,2.88511435838309,1.45740863379934,-0.212843668736556,0.519842342832406,0.248377476007211,1.47810864122396,0.875840587292041,1.39128921311473,0.394581820197044,0.77026920477317,0.852167384722187,-0.485520814086045,-0.228088547692828,0.422986547973031,0.263194243623699,0.248635777272214,460.82,0
91857.0,2.13489145886797,-0.787810737570159,-1.09272322469346,-0.741780650963173,-0.322510028129318,-0.382169470246983,-0.618040399736097,-0.302183070193689,0.963375287599498,0.340143329570071,0.0866232055931826,-2.61760658966782,2.75599420942736,0.995844571794255,-0.791361515609234,0.865695855003451,0.867488687303113,-1.28225603280097,0.46463930783986,0.0954037564216656,0.0583883692372054,0.396655829392749,0.114258871305231,0.405899199101476,-0.0186212655682748,-0.220159948295817,-0.0478934477641329,-0.0498548313629224,57.0,0
73773.0,1.33028689701149,-0.385510957258575,0.0732514997053092,-0.639014438487363,-0.743052980563196,-1.27271174051839,-0.0101260602507564,-0.399612087235484,-1.22337343997795,0.581757335116438,0.0229362502168991,-0.0046223860871845,1.07230298773142,-0.112227572424338,0.415157896248003,0.894694802436553,0.314223783675981,-2.02479786451823,0.772788378940356,0.229631904922197,-0.161684053531561,-0.675618661968723,0.0720827140583381,0.382508780458272,0.359770139680891,-0.538265367145741,-0.0198144604949325,0.0252982570131878,64.0,0
161012.0,1.91691979481108,-0.281894720950206,-1.4181752836883,-0.0024564160364634,0.816728813896666,0.926817467693567,-0.139514258143135,0.259214267662918,0.282609971661522,0.0986473013393894,1.06053185647527,1.27855294804429,0.257311900247269,0.476144758376116,0.127639021270609,-0.60495071864376,0.0452896634035353,-1.53577939252015,-0.398141918524562,-0.252739236192706,-0.189713996467686,-0.352565360942417,0.322054968004374,-1.62497304165012,-0.455010267076019,0.308218226796328,-0.026117933890555,-0.0850183469802164,11.99,0
55496.0,-1.00127766541487,0.537213555140211,2.15134420850728,1.84538395578035,0.130981170153197,-0.0782758127835247,0.674277268286887,-0.348052943457835,-0.212313684187226,0.205475715810327,-0.582343641673757,0.349770673085462,0.752540716993573,-0.597403234884687,0.339638203877381,-1.25747110286637,0.482260432262303,-0.153473369128705,1.87959491005704,0.0249220077483701,-0.091306090351648,0.428940109774092,-0.0066245421471752,0.458623002872766,0.529508358781759,-0.0189994812344828,-0.179370668627049,-0.205567166901551,28.0,0
168672.0,-0.822209041437757,0.832951572074477,1.19170280425288,-1.27459340360503,1.00496323094053,-0.441561546912511,1.09754176563083,0.0009391229879046,-0.759627107897348,-0.924797983299299,0.428326565314028,0.52447501343559,-0.208099161409946,0.329783324166947,-1.16563063475619,0.316170347987274,-0.832440734680914,-0.229070395233357,-0.027621481617815,-0.100288064724473,-0.251032690386145,-0.820593561628109,-0.365296706856949,-0.470046204910215,0.580435117873551,0.247107602745666,-0.0669398768570362,0.0232150761494473,1.98,0
101964.0,-1.07730180098601,1.03988044344268,1.7179070911097,1.28241408289597,-1.17686825207871,1.27776600847367,2.41668015133759,-0.587622580860981,1.28619450016318,-0.743767492129238,0.0833440659597867,-1.71929896430037,2.89380407826544,0.482651970255454,-1.55334476492418,-1.00568268718337,0.888817810030952,-0.617164759478745,1.0336545121884,0.0196126466814944,-0.823129552960529,-1.26721556161179,-0.0449348136451169,-0.0802852986622637,0.405122392898881,-0.861616226795006,0.161309146651304,-0.223198644830205,366.77,0
127134.0,2.03492687892745,-0.129807055624538,-1.95196718199351,0.296300859568388,0.709965518107699,-0.284826503941709,0.334060802865942,-0.139358927375479,0.184940946556693,0.293542023370123,0.333876251105507,0.603397281509684,-0.609312392427073,0.686799710634406,-0.981174289599523,-0.255968737401048,-0.449233579281882,-0.149264663043037,0.540232804037194,-0.191345448886062,-0.0006693174717195,0.0828532473451279,0.032051522739211,0.258219624144853,0.229010922144662,0.359000313307026,-0.0958846601499922,-0.0800617297671029,23.74,0
34809.0,1.29992975053655,-0.0591476158884826,-1.09896599400879,-0.550580804397756,2.02203136477471,3.27101216030315,-0.524364710512707,0.806171071804549,-0.0536675053586304,-0.0025820145852291,-0.0284941695140753,0.0739864366704824,0.0427129054087242,0.42731391747386,1.24628418364394,0.641423987768566,-0.909999030218705,-0.0670569525853809,0.252709358649747,0.0332642009672294,-0.308453939397352,-1.07316196043951,0.0967365960043523,0.992536727581736,0.366457084483457,0.109519263754431,-0.0298155315024531,0.0132309897601929,9.99,0
40540.0,1.34597875386933,-0.460365190029883,0.109819029037406,-0.759128855469788,-0.706532481992777,-0.60566893327496,-0.327562000424062,-0.186163291899619,-1.33175701615733,0.827958775499167,1.0804910446871,0.958421843046132,1.30365912866197,0.12954612594058,0.0576667051229005,-1.08536867425089,-0.442698756742063,1.35057762412955,-0.359893890486243,-0.347564465210307,-0.332490038000848,-0.500729280878761,-0.03882151744059,0.0623308807079212,0.316094184662274,1.03783567686581,-0.066987176766753,-0.0030203640251404,28.8,0
148465.0,1.88147752223817,-1.42468105118869,-0.96161089513352,-1.26536145238004,-0.112058107350376,1.72140455305089,-1.26528281967966,0.562286935324195,-0.1128913137616,0.710464929456466,0.930545182055951,0.125317265624846,-0.0602844855049329,-0.143802008531378,0.416901711412364,0.833922194707273,0.44425724752707,-2.05067374151029,0.089046261768601,0.0880972292299094,0.0854240131896538,0.0897511270783758,0.337990541772113,-0.977354242738643,-0.673921773928114,-0.411651532420521,0.0347305671940736,-0.0466461020077992,96.0,0
133861.0,-1.2562151584692,-0.289979529183619,0.776006025846917,-1.75747005280049,0.197241069221931,-0.568932197920586,-0.42163462795383,0.608062203731242,0.626226410539287,-1.45729556077223,-1.48134404743203,-0.515002280898818,-0.877212410166961,0.392983155897311,1.00031304540805,0.448927129974852,-0.422079858390394,0.486768110725558,0.0184051550372061,0.0527668136408923,0.327786717083861,0.511769342865295,-0.166831745055619,0.460663490810047,-0.171607388075296,0.691522120568777,-0.0527367991833299,-0.052010544383798,28.5,0
127857.0,-1.10232168646118,1.31095611184636,1.86740288039996,0.745443489839114,-0.294893779874076,0.161404673370516,0.0006951636567825,0.6879596293163,-0.803140015572165,-0.364770800251102,0.893671350959719,0.928662673779337,0.442803833278689,0.431073330995614,0.427647186448606,0.249886652185824,-0.378885098397676,0.63698424367997,0.707708866041003,0.128791807372061,-0.0412064264951609,-0.151673872434854,-0.185538119581412,-0.0311313776200168,0.30273338239112,-0.622033952465823,0.236497830384957,0.069463330403098,11.0,0
72173.0,-0.456298835051737,-3.67098623611817,-1.15064034460801,-0.241709232263113,-1.20835617589307,0.58925281317885,0.678061124988672,-0.236510314169939,-0.833264133980883,0.0991709612660929,-1.15982439033409,-0.761324133355199,0.801693511236368,-0.0272664799261037,1.27063188823629,1.4729852766868,0.0039413034587632,-1.3954344325664,0.459207009433885,2.11844417215096,0.444405977701834,-1.046902558356,-0.885919488424216,-1.28532019636815,-0.0132962577491133,-0.471738442767756,-0.161472070651481,0.178535782644556,1002.0,0
143560.0,1.81629829788651,-0.55514004820599,-1.180681285094,0.389862264807318,-0.101295882237386,0.248951710880513,-0.597776052239461,0.170123022289968,0.949521312950685,-0.343898236292434,0.557963345136853,0.562383135254024,0.0455073890831217,-1.24268722406585,-0.167473641555003,1.04253828307629,-0.009192040478654,1.25052204471808,0.0284004850954587,0.0764109042968624,0.194129906147761,0.52573821662119,-0.0065703522665587,0.159826338123696,-0.196673707936838,0.584058714247792,-0.0350980070491573,-0.0159604649621655,98.58,0
119576.0,-0.164135998871209,-0.123955045299557,0.651508061420755,-0.615477345157338,0.62498676441029,1.42940983573499,-0.32172890365865,0.623857014195159,0.884429402186571,-0.615521351885592,-0.562765770361888,-0.182752704550275,-1.06429177328719,-0.0646214801200214,1.04682345274284,-0.875382317710606,0.593105649199079,-1.64208435524479,-2.00239224133035,-0.40001381751666,0.407875619849118,1.40138632630829,0.112392569517852,-1.42730533961976,-1.11923653751784,0.60773516505623,0.0070194573075834,0.0564559055160441,18.99,0
171372.0,2.14900977437399,-1.99889297049104,0.0230116624832258,-1.2954083830544,-1.99568622335004,0.34491318110085,-1.97110647612125,0.148708972255031,0.0271790871632401,1.28925975519844,-2.22997353080615,-0.725042850277102,0.461134692628222,-1.38488198755549,-1.12065236998657,-0.380991338789091,0.493887277911031,0.302457974454387,0.308241628690511,-0.327598929912124,-0.238417139421019,-0.0348535568823917,0.174722515579778,-0.723456662990563,-0.378239654186517,-0.149386935780121,0.0752765544008978,-0.0294633176662625,66.0,0
149453.0,2.05796296012275,-0.383553031278584,-0.602480019072751,0.251409023114943,-0.251075895879827,0.018072769614538,-0.581465693608559,-0.0701122374372625,1.13598568787186,-0.0299624705927027,-1.68473170613296,0.723122150072464,1.6521064215511,-0.586873314365296,0.276802940194626,0.556659105799746,-0.934166257907453,0.168855754473364,0.113829279121811,-0.0704219476810238,0.109536467403563,0.608534187469692,0.0187714168904126,-0.908812854141339,-0.098676488574457,0.626277818559952,-0.0120970856090107,-0.0540336294340677,11.5,0
147134.0,0.0950015193705983,0.999475786477637,-0.324880883833302,-0.628230121827106,0.916023171596459,-0.587351790405953,0.881279450868635,0.0213154372886151,-0.333232243354574,-0.668458458963198,1.14379311066972,0.673982105311908,0.0118140483417799,-0.835302362804275,-0.961673199565702,0.484632572668528,0.156391212345444,0.222885125878855,0.0109678952377757,0.0320289514361452,-0.280363055954825,-0.689057016875431,0.0967742250900866,0.663881045965726,-0.464823142857089,0.0862848374215845,0.219598002348344,0.07572974779575,2.69,0
